{"cameraMode":{"drawMode":0,"name":"Shaded","section":"Shading Mode"},"sceneLighting":true,"audioPlay":false,"sceneViewState":{"m_AlwaysRefresh":false,"showFog":true,"showSkybox":true,"showFlares":true,"showImageEffects":true,"showParticleSystems":true,"showVisualEffectGraphs":true,"m_FxEnabled":true},"in2DMode":false,"pivot":{"x":-5.207149982452393,"y":10.454425811767579,"z":-14.890420913696289},"rotation":{"x":-0.007180983200669289,"y":0.05786975473165512,"z":0.00040579098276793957,"w":0.9982869625091553},"size":0.9306148290634155,"orthographic":false}