{"cameraMode":{"drawMode":0,"name":"Shaded","section":"Shading Mode"},"sceneLighting":true,"audioPlay":false,"sceneViewState":{"m_AlwaysRefresh":false,"showFog":true,"showSkybox":true,"showFlares":true,"showImageEffects":true,"showParticleSystems":true,"showVisualEffectGraphs":true,"m_FxEnabled":true},"in2DMode":false,"pivot":{"x":5.656618595123291,"y":10.96857738494873,"z":-19.048410415649415},"rotation":{"x":0.06475958228111267,"y":0.006888683419674635,"z":-0.0004572479519993067,"w":0.9978643655776978},"size":0.9306148290634155,"orthographic":false}