{"cameraMode":{"drawMode":0,"name":"Shaded","section":"Shading Mode"},"sceneLighting":true,"audioPlay":false,"sceneViewState":{"m_AlwaysRefresh":false,"showFog":true,"showSkybox":true,"showFlares":true,"showImageEffects":true,"showParticleSystems":true,"showVisualEffectGraphs":true,"m_FxEnabled":true},"in2DMode":false,"pivot":{"x":5.719030380249023,"y":8.515663146972657,"z":-3.798154354095459},"rotation":{"x":0.06625477969646454,"y":0.009881325997412205,"z":-0.0006664766115136445,"w":0.9977431893348694},"size":0.9306148290634155,"orthographic":false}